/media/uoa/Data1/ore2014_dataset/ClassificationEL/00053.owl_functional.owl	de.tudresden.inf.lat.jcel.owlapi.translator.TranslationException	This axiom is not supported: 'DataPropertyRange(<file:/Users/zwang/Documents/SVN/TestOntologies/public/GardinerCorpus/gardiner-all/http___139.91.183.30_9090_RDF_VRP_Examples_moviedatabase.rdf%23.txt#OriginCountry> xsd:string)'.
/media/uoa/Data1/ore2014_dataset/ClassificationEL/0031e842-675f-4d7f-bc0c-0483801ad743_umls.owl_functional.owl	de.tudresden.inf.lat.jcel.owlapi.translator.TranslationException	This axiom is not supported: 'DataPropertyRange(<http://www.phinformatics.org/Assets/Ontology/umls.owl#TUI> xsd:string)'.
/media/uoa/Data1/ore2014_dataset/ClassificationEL/00322.owl_functional.owl	de.tudresden.inf.lat.jcel.owlapi.translator.TranslationException	This axiom is not supported: 'DataPropertyRange(<http://www.w3.org/2002/01/p3prdfv1#start-time> rdfs:Literal)'.
/media/uoa/Data1/ore2014_dataset/ClassificationEL/01604f5c-bb75-41a2-8535-6eb587f4ef5b_egoryRdfsClass_functional.owl	de.tudresden.inf.lat.jcel.owlapi.translator.TranslationException	This axiom is not supported: 'DataPropertyDomain(<http://semantic-mediawiki.org/swivt/1.0#value3> <http://semantic-mediawiki.org/swivt/1.0#Container>)'.
/media/uoa/Data1/ore2014_dataset/ClassificationEL/01696fcb-aaae-4967-a355-6495c56d940f_ings_v3.01.rdf_functional.owl	de.tudresden.inf.lat.jcel.owlapi.translator.TranslationException	Object cannot be translated: 'ObjectHasValue(<http://www.geonames.org/ontology#featureCode> <http://www.geonames.org/ontology#S.MUS>)'.
/media/uoa/Data1/ore2014_dataset/ClassificationEL/0184bd80-510f-4470-b515-29ceda7e21b4_egoryFoafAgent_functional.owl	de.tudresden.inf.lat.jcel.owlapi.translator.TranslationException	This axiom is not supported: 'DataPropertyDomain(<http://semantic-mediawiki.org/swivt/1.0#value3> <http://semantic-mediawiki.org/swivt/1.0#Container>)'.
/media/uoa/Data1/ore2014_dataset/ClassificationEL/02aabb7a-7881-4639-9ec6-c0bf1722e0b5_flanzenatlas_K_functional.owl	de.tudresden.inf.lat.jcel.owlapi.translator.TranslationException	This axiom is not supported: 'DataPropertyDomain(<http://semantic-mediawiki.org/swivt/1.0#value7> <http://semantic-mediawiki.org/swivt/1.0#Container>)'.
/media/uoa/Data1/ore2014_dataset/ClassificationEL/02ce1c5e-99f2-4209-abfa-4ab6055ebc99_flanzenatlas_H_functional.owl	de.tudresden.inf.lat.jcel.owlapi.translator.TranslationException	This axiom is not supported: 'DataPropertyDomain(<http://semantic-mediawiki.org/swivt/1.0#value7> <http://semantic-mediawiki.org/swivt/1.0#Container>)'.
/media/uoa/Data1/ore2014_dataset/ClassificationEL/047db972-b42a-4b07-a9f8-350a25946255_manprotege.owl_functional.owl	de.tudresden.inf.lat.jcel.owlapi.translator.TranslationException	This axiom is not supported: 'DataPropertyDomain(<http://www.xspan.org/obo.owl#definition> <http://www.xspan.org/obo.owl#term>)'.
/media/uoa/Data1/ore2014_dataset/ClassificationEL/0533595c-ead5-40f5-a57d-39f8bfd69a04_KategorieNerven_functional.owl	de.tudresden.inf.lat.jcel.owlapi.translator.TranslationException	This axiom is not supported: 'DataPropertyDomain(<http://semantic-mediawiki.org/swivt/1.0#value7> <http://semantic-mediawiki.org/swivt/1.0#Container>)'.
/media/uoa/Data1/ore2014_dataset/ClassificationEL/0631b0c3-b2cf-4880-b128-dc263545fe81_eHexenprozesse_functional.owl	de.tudresden.inf.lat.jcel.owlapi.translator.TranslationException	This axiom is not supported: 'DataPropertyDomain(<http://semantic-mediawiki.org/swivt/1.0#value3> <http://semantic-mediawiki.org/swivt/1.0#Container>)'.
/media/uoa/Data1/ore2014_dataset/ClassificationEL/06374a6b-539e-498c-999d-be0f044cece0_PropertyEditor_functional.owl	de.tudresden.inf.lat.jcel.owlapi.translator.TranslationException	This axiom is not supported: 'DataPropertyDomain(<http://semantic-mediawiki.org/swivt/1.0#value7> <http://semantic-mediawiki.org/swivt/1.0#Container>)'.
/media/uoa/Data1/ore2014_dataset/ClassificationEL/069b23e0-2d3c-4532-af90-4a36ad576dc5_zoology.rdf_functional.owl	de.tudresden.inf.lat.jcel.owlapi.translator.TranslationException	This axiom is not supported: 'DataPropertyRange(<http://purl.org/NET/biol/zoology#subclass> xsd:string)'.
/media/uoa/Data1/ore2014_dataset/ClassificationEL/08a4ecab-f8ce-4717-8f16-46c4a9ac8177_ontology_7.owl_functional.owl	de.tudresden.inf.lat.jcel.owlapi.translator.TranslationException	This axiom is not supported: 'DataPropertyDomain(<http://lsdis.cs.uga.edu/proj/semdis/testbed/#URL_link> <http://lsdis.cs.uga.edu/proj/semdis/testbed/#Publication>)'.
/media/uoa/Data1/ore2014_dataset/ClassificationEL/08fc4b78-455f-4ee3-a8a6-4ff94288ff40_ish_label.rdfs_functional.owl	de.tudresden.inf.lat.jcel.owlapi.translator.TranslationException	This axiom is not supported: 'DataPropertyRange(<file:/media/nico/Seagate%20Expansion%20Drive/phd_data/data/2013.05.12_unduplicated_filtered_snapshot/semantic/byteunique/owlxmlunique/08fc4b78-455f-4ee3-a8a6-4ff94288ff40_ish_label.rdfs#CLP57F.should_have_number_of_parts> rdfs:Literal)'.
/media/uoa/Data1/ore2014_dataset/ClassificationEL/091b5a2b-42d5-4e62-ad9c-accc5776e016__april2007.rdf_functional.owl	de.tudresden.inf.lat.jcel.owlapi.translator.TranslationException	This axiom is not supported: 'DataPropertyRange(<http://lsdis.cs.uga.edu/projects/semdis/opus#ee> xsd:string)'.
/media/uoa/Data1/ore2014_dataset/ClassificationEL/09e75e49-a3b6-4326-b42b-15b53069176c_ezeichnungen_P_functional.owl	de.tudresden.inf.lat.jcel.owlapi.translator.TranslationException	This axiom is not supported: 'DataPropertyDomain(<http://semantic-mediawiki.org/swivt/1.0#value7> <http://semantic-mediawiki.org/swivt/1.0#Container>)'.
/media/uoa/Data1/ore2014_dataset/ClassificationEL/0a0136fd-cd88-41a6-a3da-83380dc0af18_Heilpflanzen_E_functional.owl	de.tudresden.inf.lat.jcel.owlapi.translator.TranslationException	This axiom is not supported: 'DataPropertyDomain(<http://semantic-mediawiki.org/swivt/1.0#value7> <http://semantic-mediawiki.org/swivt/1.0#Container>)'.
/media/uoa/Data1/ore2014_dataset/ClassificationEL/0aa1fe44-aa68-4088-986b-2c97f5acd5d7_nverzeichnis_J_functional.owl	de.tudresden.inf.lat.jcel.owlapi.translator.TranslationException	This axiom is not supported: 'DataPropertyDomain(<http://semantic-mediawiki.org/swivt/1.0#value7> <http://semantic-mediawiki.org/swivt/1.0#Container>)'.
/media/uoa/Data1/ore2014_dataset/ClassificationEL/0b0a4e5b-d23f-43b7-8058-799c8125e251_rySample_pages_functional.owl	de.tudresden.inf.lat.jcel.owlapi.translator.TranslationException	This axiom is not supported: 'DataPropertyDomain(<http://semantic-mediawiki.org/swivt/1.0#value3> <http://semantic-mediawiki.org/swivt/1.0#Container>)'.
/media/uoa/Data1/ore2014_dataset/ClassificationEL/0c5c41eb-6a00-4b7e-b79d-23f4f021f731_20060526.rdf_functional.owl	de.tudresden.inf.lat.jcel.owlapi.translator.TranslationException	This axiom is not supported: 'DataPropertyDomain(<http://www.eswc2006.org/technologies/ontology#biblioReference> <http://www.eswc2006.org/technologies/ontology#Artefact>)'.
/media/uoa/Data1/ore2014_dataset/ClassificationEL/0d643633-c889-49ae-b7d7-7e4b3bd1ff95_gold2009.owl_functional.owl	de.tudresden.inf.lat.jcel.owlapi.translator.TranslationException	This axiom is not supported: 'SubDataPropertyOf(<http://purl.org/linguistics/gold/phonemicRep> <http://purl.org/linguistics/gold/stringRep>)'.
/media/uoa/Data1/ore2014_dataset/ClassificationEL/0dbc4292-8aa9-44dc-a029-e7b1449f0e9d_OS4.owl_functional.owl	de.tudresden.inf.lat.jcel.owlapi.translator.TranslationException	This axiom is not supported: 'FunctionalDataProperty(<http://localhost/ontologies/testont.owl#_-_Town>)'.
/media/uoa/Data1/ore2014_dataset/ClassificationEL/0fc1b578-c393-433a-a76d-edb95a415bf4_gorieBlC3BCten_functional.owl	de.tudresden.inf.lat.jcel.owlapi.translator.TranslationException	This axiom is not supported: 'DataPropertyDomain(<http://semantic-mediawiki.org/swivt/1.0#value7> <http://semantic-mediawiki.org/swivt/1.0#Container>)'.
/media/uoa/Data1/ore2014_dataset/ClassificationEL/11bcd0a4-1a0c-4138-a717-b922463c8ae5_rser_functions_functional.owl	de.tudresden.inf.lat.jcel.owlapi.translator.TranslationException	This axiom is not supported: 'DataPropertyDomain(<http://semantic-mediawiki.org/swivt/1.0#value3> <http://semantic-mediawiki.org/swivt/1.0#Container>)'.
/media/uoa/Data1/ore2014_dataset/ClassificationEL/12e6b366-f34b-436e-b1ce-9546bc85d136_se2rdftest.xml_functional.owl	de.tudresden.inf.lat.jcel.owlapi.translator.TranslationException	This axiom is not supported: 'DataPropertyDomain(<http://www.mmbase.org/rdf/export#action> <http://www.mmbase.org/rdf/export#Report>)'.
/media/uoa/Data1/ore2014_dataset/ClassificationEL/1384ca89-943a-4604-9fb7-db9ab3cbc4cf_tplushuman.owl_functional.owl	de.tudresden.inf.lat.jcel.owlapi.translator.TranslationException	This axiom is not supported: 'DataPropertyDomain(<http://www.xspan.org/obo.owl#definition> <http://www.xspan.org/obo.owl#term>)'.
/media/uoa/Data1/ore2014_dataset/ClassificationEL/13acd5d0-383c-492b-81d2-2a42e9ffdc11_stts.owl_functional.owl	de.tudresden.inf.lat.jcel.owlapi.translator.TranslationException	The translation map is incomplete. Item id was not found: 'pos'.
/media/uoa/Data1/ore2014_dataset/ClassificationEL/13eb1f92-4f9d-48f2-93ee-4456a01da828_status.owl_functional.owl	de.tudresden.inf.lat.jcel.owlapi.translator.TranslationException	This axiom is not supported: 'DataPropertyDomain(<http://www.mathweb.org/owl/status.owl#shows> <http://www.mathweb.org/owl/status.owl#FoAtpStatus>)'.
/media/uoa/Data1/ore2014_dataset/ClassificationEL/15142ae8-c9b2-4e1a-ac58-284d3db0504a_CIDOC1.rdf_functional.owl	de.tudresden.inf.lat.jcel.owlapi.translator.TranslationException	This axiom is not supported: 'DataPropertyRange(<file:/media/nico/Seagate%20Expansion%20Drive/phd_data/data/2013.05.12_unduplicated_filtered_snapshot/semantic/byteunique/owlxmlunique/15142ae8-c9b2-4e1a-ac58-284d3db0504a_CIDOC1.rdf#P57F.has_number_of_parts> rdfs:Literal)'.
/media/uoa/Data1/ore2014_dataset/ClassificationEL/16060d98-1832-493e-b5db-35939b624ebb_rySMW_releases_functional.owl	de.tudresden.inf.lat.jcel.owlapi.translator.TranslationException	This axiom is not supported: 'SubDataPropertyOf(<http://semantic-mediawiki.org/swivt/1.0#value2> <http://semantic-mediawiki.org/swivt/1.0#value>)'.
/media/uoa/Data1/ore2014_dataset/ClassificationEL/16b7bd3c-bd6a-476c-bcf0-b690110e5836_seasesv1.1.owl_functional.owl	de.tudresden.inf.lat.jcel.owlapi.translator.TranslationException	This axiom is not supported: 'DataPropertyRange(<http://protege.stanford.edu/plugins/owl/protege#PAL-DESCRIPTION> xsd:string)'.
/media/uoa/Data1/ore2014_dataset/ClassificationEL/16bc24e4-d921-400a-b6b7-a0482f55640f_ePflanzenatlas_functional.owl	de.tudresden.inf.lat.jcel.owlapi.translator.TranslationException	This axiom is not supported: 'DataPropertyDomain(<http://semantic-mediawiki.org/swivt/1.0#value3> <http://semantic-mediawiki.org/swivt/1.0#Container>)'.
/media/uoa/Data1/ore2014_dataset/ClassificationEL/17384600-187e-4e93-b21a-51a2bf5f99c6_fOnlineAccount_functional.owl	de.tudresden.inf.lat.jcel.owlapi.translator.TranslationException	This axiom is not supported: 'DataPropertyDomain(<http://semantic-mediawiki.org/swivt/1.0#value7> <http://semantic-mediawiki.org/swivt/1.0#Container>)'.
/media/uoa/Data1/ore2014_dataset/ClassificationEL/17ec95e7-c695-4991-a777-417404863792_Heilpflanzen_A_functional.owl	de.tudresden.inf.lat.jcel.owlapi.translator.TranslationException	This axiom is not supported: 'DataPropertyDomain(<http://semantic-mediawiki.org/swivt/1.0#value7> <http://semantic-mediawiki.org/swivt/1.0#Container>)'.
/media/uoa/Data1/ore2014_dataset/ClassificationEL/18527a34-d732-4010-9641-304f655cd4ea_KategorieBeine_functional.owl	de.tudresden.inf.lat.jcel.owlapi.translator.TranslationException	This axiom is not supported: 'DataPropertyDomain(<http://semantic-mediawiki.org/swivt/1.0#value7> <http://semantic-mediawiki.org/swivt/1.0#Container>)'.
/media/uoa/Data1/ore2014_dataset/ClassificationEL/18e00e01-fa1c-449d-9fd9-a000b1d59166_ezeichnungen_A_functional.owl	de.tudresden.inf.lat.jcel.owlapi.translator.TranslationException	This axiom is not supported: 'DataPropertyDomain(<http://semantic-mediawiki.org/swivt/1.0#value7> <http://semantic-mediawiki.org/swivt/1.0#Container>)'.
/media/uoa/Data1/ore2014_dataset/ClassificationEL/1968b1db-9ffd-45af-96e6-96b343536f1e_egoryDeveloper_functional.owl	de.tudresden.inf.lat.jcel.owlapi.translator.TranslationException	This axiom is not supported: 'DataPropertyDomain(<http://semantic-mediawiki.org/swivt/1.0#value7> <http://semantic-mediawiki.org/swivt/1.0#Container>)'.
/media/uoa/Data1/ore2014_dataset/ClassificationEL/1cb603d0-4461-48b7-b7c5-ffe0cb8133db_i_of_the_Month_functional.owl	de.tudresden.inf.lat.jcel.owlapi.translator.TranslationException	This axiom is not supported: 'DataPropertyDomain(<http://semantic-mediawiki.org/swivt/1.0#value3> <http://semantic-mediawiki.org/swivt/1.0#Container>)'.
/media/uoa/Data1/ore2014_dataset/ClassificationEL/1eeb8b47-8f87-4a85-88c8-279f6d34e03d_CategoryDocinfo_functional.owl	de.tudresden.inf.lat.jcel.owlapi.translator.TranslationException	This axiom is not supported: 'DataPropertyDomain(<http://semantic-mediawiki.org/swivt/1.0#value7> <http://semantic-mediawiki.org/swivt/1.0#Container>)'.
/media/uoa/Data1/ore2014_dataset/ClassificationEL/1f5edafb-1f70-473e-b834-8a4d70a11362_ezeichnungen_G_functional.owl	de.tudresden.inf.lat.jcel.owlapi.translator.TranslationException	This axiom is not supported: 'DataPropertyDomain(<http://semantic-mediawiki.org/swivt/1.0#value7> <http://semantic-mediawiki.org/swivt/1.0#Container>)'.
/media/uoa/Data1/ore2014_dataset/ClassificationEL/1f6685bc-afb2-408c-95ce-deaa6ad5807f_eKrankheiten_N_functional.owl	de.tudresden.inf.lat.jcel.owlapi.translator.TranslationException	This axiom is not supported: 'DataPropertyDomain(<http://semantic-mediawiki.org/swivt/1.0#value7> <http://semantic-mediawiki.org/swivt/1.0#Container>)'.
/media/uoa/Data1/ore2014_dataset/ClassificationEL/2027e67a-a876-4cbb-bac1-3b8b992ca4cd_ObjectProperty_functional.owl	de.tudresden.inf.lat.jcel.owlapi.translator.TranslationException	This axiom is not supported: 'DataPropertyDomain(<http://semantic-mediawiki.org/swivt/1.0#value3> <http://semantic-mediawiki.org/swivt/1.0#Container>)'.
/media/uoa/Data1/ore2014_dataset/ClassificationEL/205fd91f-d1fc-4853-992d-43c7e5b35693_A4uterapotheke_functional.owl	de.tudresden.inf.lat.jcel.owlapi.translator.TranslationException	This axiom is not supported: 'DataPropertyDomain(<http://semantic-mediawiki.org/swivt/1.0#value7> <http://semantic-mediawiki.org/swivt/1.0#Container>)'.
/media/uoa/Data1/ore2014_dataset/ClassificationEL/21d5676e-66c1-4767-8348-5d3f59d74775_iedatabase.rdf_functional.owl	de.tudresden.inf.lat.jcel.owlapi.translator.TranslationException	This axiom is not supported: 'DataPropertyRange(<file:/media/nico/Seagate%20Expansion%20Drive/phd_data/data/2013.05.12_unduplicated_filtered_snapshot/semantic/byteunique/owlxmlunique/21d5676e-66c1-4767-8348-5d3f59d74775_iedatabase.rdf#awardResult> xsd:string)'.
/media/uoa/Data1/ore2014_dataset/ClassificationEL/26897d80-79f5-4393-bfe8-280eabe1f710__march2007.rdf_functional.owl	de.tudresden.inf.lat.jcel.owlapi.translator.TranslationException	This axiom is not supported: 'DataPropertyRange(<http://lsdis.cs.uga.edu/projects/semdis/opus#ee> xsd:string)'.
/media/uoa/Data1/ore2014_dataset/ClassificationEL/26e09cd3-cd6f-4a16-ad24-5e69180c2727_XMLSchema_functional.owl	de.tudresden.inf.lat.jcel.owlapi.translator.TranslationException	This axiom is not supported: 'DataPropertyDomain(<http://semantic-mediawiki.org/swivt/1.0#value3> <http://semantic-mediawiki.org/swivt/1.0#Container>)'.
/media/uoa/Data1/ore2014_dataset/ClassificationEL/28091918-41d9-4324-b851-58e67f11c0e4_cycCore.rdf_functional.owl	de.tudresden.inf.lat.jcel.owlapi.translator.TranslationException	This axiom is not supported: 'SubDataPropertyOf(<http://sw.cyc.com/2006/07/27/cyc#endingDate> <http://sw.cyc.com/2006/07/27/cyc#temporallyIntersects>)'.
/media/uoa/Data1/ore2014_dataset/ClassificationEL/2a12aafe-78c0-4746-b6bc-c6c3326a7a53_ryFoafDocument_functional.owl	de.tudresden.inf.lat.jcel.owlapi.translator.TranslationException	This axiom is not supported: 'DataPropertyDomain(<http://semantic-mediawiki.org/swivt/1.0#value3> <http://semantic-mediawiki.org/swivt/1.0#Container>)'.
/media/uoa/Data1/ore2014_dataset/ClassificationEL/2aed1f60-77ab-496e-b30f-fd4185b6b9b7_imdb.rdf_functional.owl	de.tudresden.inf.lat.jcel.owlapi.translator.TranslationException	This axiom is not supported: 'DataPropertyRange(<file:/media/nico/Seagate%20Expansion%20Drive/phd_data/data/2013.05.12_unduplicated_filtered_snapshot/semantic/byteunique/owlxmlunique/2aed1f60-77ab-496e-b30f-fd4185b6b9b7_imdb.rdf#awardCategory> xsd:string)'.
/media/uoa/Data1/ore2014_dataset/ClassificationEL/2b8224b9-d12b-484b-b8b3-d989d88d8c0c_rieGrundstoffe_functional.owl	de.tudresden.inf.lat.jcel.owlapi.translator.TranslationException	This axiom is not supported: 'SubDataPropertyOf(<http://semantic-mediawiki.org/swivt/1.0#value2> <http://semantic-mediawiki.org/swivt/1.0#value>)'.
/media/uoa/Data1/ore2014_dataset/ClassificationEL/2bcf983c-ab17-482f-b2a2-34b92aa4312d_sfo.rdfs_functional.owl	de.tudresden.inf.lat.jcel.owlapi.translator.TranslationException	This axiom is not supported: 'DataPropertyRange(<http://www.service-finder.eu/ontologies/ServiceOntology#hasAddress> xsd:string)'.
/media/uoa/Data1/ore2014_dataset/ClassificationEL/2c240a7f-228a-46ec-a0e6-2a03dd6d4adf_KategorieKopf_functional.owl	de.tudresden.inf.lat.jcel.owlapi.translator.TranslationException	This axiom is not supported: 'DataPropertyDomain(<http://semantic-mediawiki.org/swivt/1.0#value7> <http://semantic-mediawiki.org/swivt/1.0#Container>)'.
/media/uoa/Data1/ore2014_dataset/ClassificationEL/2e4ff4da-e440-4a37-9a66-f7ad39c0bed5_nverzeichnis_O_functional.owl	de.tudresden.inf.lat.jcel.owlapi.translator.TranslationException	This axiom is not supported: 'DataPropertyDomain(<http://semantic-mediawiki.org/swivt/1.0#value7> <http://semantic-mediawiki.org/swivt/1.0#Container>)'.
/media/uoa/Data1/ore2014_dataset/ClassificationEL/2ff8c1f5-61a3-4bc3-a5fa-0b7ed93f88df_blinCore3g.owl_functional.owl	de.tudresden.inf.lat.jcel.owlapi.translator.TranslationException	This axiom is not supported: 'SubDataPropertyOf(<http://purl.org/dc/terms/bibliographicCitation> <http://purl.org/dc/elements/1.1/identifier>)'.
/media/uoa/Data1/ore2014_dataset/ClassificationEL/30452db5-6cd2-4630-bbe1-17ac3dade1c7_geospecies.owl_functional.owl	de.tudresden.inf.lat.jcel.owlapi.translator.TranslationException	This axiom is not supported: 'DataPropertyDomain(<http://rdf.geospecies.org/ont/geospecies#hasInfraspecificEpithet> <http://rdf.geospecies.org/ont/geospecies#TaxonConcept>)'.
/media/uoa/Data1/ore2014_dataset/ClassificationEL/30f83806-d44f-4da4-9377-fa8f7934644b_KategorieHarn_functional.owl	de.tudresden.inf.lat.jcel.owlapi.translator.TranslationException	This axiom is not supported: 'DataPropertyDomain(<http://semantic-mediawiki.org/swivt/1.0#value3> <http://semantic-mediawiki.org/swivt/1.0#Container>)'.
/media/uoa/Data1/ore2014_dataset/ClassificationEL/337a232d-3f4f-470a-ada1-aec74f13a61f_oryRdfProperty_functional.owl	de.tudresden.inf.lat.jcel.owlapi.translator.TranslationException	This axiom is not supported: 'SubDataPropertyOf(<http://semantic-mediawiki.org/swivt/1.0#value2> <http://semantic-mediawiki.org/swivt/1.0#value>)'.
/media/uoa/Data1/ore2014_dataset/ClassificationEL/353994c8-f9ad-4571-9d40-542a61426246__documentation_functional.owl	de.tudresden.inf.lat.jcel.owlapi.translator.TranslationException	This axiom is not supported: 'SubDataPropertyOf(<http://semantic-mediawiki.org/swivt/1.0#value4> <http://semantic-mediawiki.org/swivt/1.0#value>)'.
/media/uoa/Data1/ore2014_dataset/ClassificationEL/353f96b3-1adc-446a-9dca-59f4af695e0a_2.0draftB.rdfs_functional.owl	de.tudresden.inf.lat.jcel.owlapi.translator.TranslationException	This axiom is not supported: 'DataPropertyRange(<file:/media/nico/Seagate%20Expansion%20Drive/phd_data/data/2013.05.12_unduplicated_filtered_snapshot/semantic/byteunique/owlxmlunique/CLP57_should_have_number_of_parts> rdfs:Literal)'.
/media/uoa/Data1/ore2014_dataset/ClassificationEL/371e7c78-8d25-41b2-af2e-680eaa9fe40e_cinfo_property_functional.owl	de.tudresden.inf.lat.jcel.owlapi.translator.TranslationException	This axiom is not supported: 'DataPropertyDomain(<http://semantic-mediawiki.org/swivt/1.0#value7> <http://semantic-mediawiki.org/swivt/1.0#Container>)'.
/media/uoa/Data1/ore2014_dataset/ClassificationEL/39f92fd6-6545-47a9-b77d-219c0fbadbc6__Bezeichnungen_functional.owl	de.tudresden.inf.lat.jcel.owlapi.translator.TranslationException	This axiom is not supported: 'SubDataPropertyOf(<http://semantic-mediawiki.org/swivt/1.0#value2> <http://semantic-mediawiki.org/swivt/1.0#value>)'.
/media/uoa/Data1/ore2014_dataset/ClassificationEL/3a78c22a-0f10-45f8-b11f-82d5f84684c7_tplusmouse.owl_functional.owl	de.tudresden.inf.lat.jcel.owlapi.translator.TranslationException	This axiom is not supported: 'DataPropertyDomain(<http://www.xspan.org/obo.owl#definition> <http://www.xspan.org/obo.owl#term>)'.
/media/uoa/Data1/ore2014_dataset/ClassificationEL/3a8f019a-326c-4596-ba73-a8508e78b7b0_ChangeOntology_functional.owl	de.tudresden.inf.lat.jcel.owlapi.translator.TranslationException	This axiom is not supported: 'FunctionalDataProperty(<http://fivo.cyf-kr.edu.pl/ontology/ChangeOntology#target>)'.
/media/uoa/Data1/ore2014_dataset/ClassificationEL/423c2a42-4cbf-467e-b2b5-ec345a19e8b8_flanzenatlas_W_functional.owl	de.tudresden.inf.lat.jcel.owlapi.translator.TranslationException	This axiom is not supported: 'DataPropertyDomain(<http://semantic-mediawiki.org/swivt/1.0#value7> <http://semantic-mediawiki.org/swivt/1.0#Container>)'.
/media/uoa/Data1/ore2014_dataset/ClassificationEL/43221dae-c7fb-4cb9-99a3-a1b286645dae_CategorySMWCon_functional.owl	de.tudresden.inf.lat.jcel.owlapi.translator.TranslationException	This axiom is not supported: 'SubDataPropertyOf(<http://semantic-mediawiki.org/swivt/1.0#value2> <http://semantic-mediawiki.org/swivt/1.0#value>)'.
/media/uoa/Data1/ore2014_dataset/ClassificationEL/43a158ff-dc85-49f7-a46e-0854a81b1c14_genia.owl_functional.owl	de.tudresden.inf.lat.jcel.owlapi.translator.TranslationException	The translation map is incomplete. Item id was not found: 'pos'.
/media/uoa/Data1/ore2014_dataset/ClassificationEL/4498b86c-14ba-4f84-bc34-0982551b4958_KategorieAtmung_functional.owl	de.tudresden.inf.lat.jcel.owlapi.translator.TranslationException	This axiom is not supported: 'DataPropertyDomain(<http://semantic-mediawiki.org/swivt/1.0#value7> <http://semantic-mediawiki.org/swivt/1.0#Container>)'.
/media/uoa/Data1/ore2014_dataset/ClassificationEL/46385dec-a0c9-488b-9e01-6d4ef93602df_ntic_MediaWiki_functional.owl	de.tudresden.inf.lat.jcel.owlapi.translator.TranslationException	This axiom is not supported: 'DataPropertyDomain(<http://semantic-mediawiki.org/swivt/1.0#value3> <http://semantic-mediawiki.org/swivt/1.0#Container>)'.
/media/uoa/Data1/ore2014_dataset/ClassificationEL/46d2be4d-2c4d-4932-b583-b9a79b4ce22e_er_Krankheiten_functional.owl	de.tudresden.inf.lat.jcel.owlapi.translator.TranslationException	This axiom is not supported: 'DataPropertyDomain(<http://semantic-mediawiki.org/swivt/1.0#value7> <http://semantic-mediawiki.org/swivt/1.0#Container>)'.
/media/uoa/Data1/ore2014_dataset/ClassificationEL/4812315f-8139-4fae-81e6-a78380bab65c_nriaBibTex.owl_functional.owl	de.tudresden.inf.lat.jcel.owlapi.translator.TranslationException	This axiom is not supported: 'SubDataPropertyOf(<http://edu.mit.visus/bibtex#hasCrossref> <http://fr.inrialpes.exmo/inria_bibix#reviewed>)'.
/media/uoa/Data1/ore2014_dataset/ClassificationEL/49b0c632-cad2-4b7d-b85a-9a21c42a936a_MPEG7RoleCS.owl_functional.owl	de.tudresden.inf.lat.jcel.owlapi.translator.TranslationException	This axiom is not supported: 'DataPropertyRange(<http://polysema.di.uoa.gr/ont/MPEG7RoleCS.owl#name> xsd:string)'.
/media/uoa/Data1/ore2014_dataset/ClassificationEL/4a1cf58d-791a-41e6-9732-ea8dbc57b2d5_tologyV1.0.rdf_functional.owl	de.tudresden.inf.lat.jcel.owlapi.translator.TranslationException	This axiom is not supported: 'DataPropertyRange(<http://www.cidoc-crm.org/rdfs/FRBR1.0.1.rdfs#CLP57F> rdfs:Literal)'.
/media/uoa/Data1/ore2014_dataset/ClassificationEL/4a283a23-9bfd-4a34-85e9-98abf7f6f025_botany.rdf_functional.owl	de.tudresden.inf.lat.jcel.owlapi.translator.TranslationException	This axiom is not supported: 'DataPropertyRange(<http://purl.org/NET/biol/botany#aberration> xsd:string)'.
/media/uoa/Data1/ore2014_dataset/ClassificationEL/4cac69cd-31cc-49ae-9fcc-440bed12a52d_KategorieGiftig_functional.owl	de.tudresden.inf.lat.jcel.owlapi.translator.TranslationException	This axiom is not supported: 'DataPropertyDomain(<http://semantic-mediawiki.org/swivt/1.0#value7> <http://semantic-mediawiki.org/swivt/1.0#Container>)'.
/media/uoa/Data1/ore2014_dataset/ClassificationEL/4d050029-b018-4425-b9b6-708e38473e06_qtag.owl_functional.owl	de.tudresden.inf.lat.jcel.owlapi.translator.TranslationException	The translation map is incomplete. Item id was not found: 'pos'.
/media/uoa/Data1/ore2014_dataset/ClassificationEL/4e3cd38a-310b-49db-a656-cf156714156b_penn.owl_functional.owl	de.tudresden.inf.lat.jcel.owlapi.translator.TranslationException	The translation map is incomplete. Item id was not found: 'pos'.
/media/uoa/Data1/ore2014_dataset/ClassificationEL/4f1ce004-e740-46dc-a4f7-f570682f201d_flanzenatlas_B_functional.owl	de.tudresden.inf.lat.jcel.owlapi.translator.TranslationException	This axiom is not supported: 'DataPropertyDomain(<http://semantic-mediawiki.org/swivt/1.0#value7> <http://semantic-mediawiki.org/swivt/1.0#Container>)'.
/media/uoa/Data1/ore2014_dataset/ClassificationEL/51f827df-dfb7-4353-902b-71fb9d0cf665_prdfschema.rdf_functional.owl	de.tudresden.inf.lat.jcel.owlapi.translator.TranslationException	This axiom is not supported: 'DataPropertyRange(<file:/media/nico/Seagate%20Expansion%20Drive/phd_data/data/2013.05.12_unduplicated_filtered_snapshot/semantic/byteunique/owlxmlunique/51f827df-dfb7-4353-902b-71fb9d0cf665_prdfschema.rdf#base> rdfs:Literal)'.
/media/uoa/Data1/ore2014_dataset/ClassificationEL/5322fe0e-6a88-4d3e-a8fe-337c2d6d8077_eKrankheiten_V_functional.owl	de.tudresden.inf.lat.jcel.owlapi.translator.TranslationException	This axiom is not supported: 'DataPropertyDomain(<http://semantic-mediawiki.org/swivt/1.0#value7> <http://semantic-mediawiki.org/swivt/1.0#Container>)'.
/media/uoa/Data1/ore2014_dataset/ClassificationEL/532b0cec-b686-4e06-8039-d107dfda9358_hybrid.rdf_functional.owl	de.tudresden.inf.lat.jcel.owlapi.translator.TranslationException	This axiom is not supported: 'DataPropertyRange(<http://ilrt.org/discovery/2001/06/schemas/ical-full/hybrid.rdf#CALSCALE> rdfs:Literal)'.
/media/uoa/Data1/ore2014_dataset/ClassificationEL/541cbf98-8b6f-46d3-b744-be7cc242dfcf_riePublikation_functional.owl	de.tudresden.inf.lat.jcel.owlapi.translator.TranslationException	This axiom is not supported: 'SubDataPropertyOf(<http://semantic-mediawiki.org/swivt/1.0#value2> <http://semantic-mediawiki.org/swivt/1.0#value>)'.
/media/uoa/Data1/ore2014_dataset/ClassificationEL/578afe61-b0d6-45fb-a418-a2c553052fe5_rieKrankheiten_functional.owl	de.tudresden.inf.lat.jcel.owlapi.translator.TranslationException	This axiom is not supported: 'SubDataPropertyOf(<http://semantic-mediawiki.org/swivt/1.0#value2> <http://semantic-mediawiki.org/swivt/1.0#value>)'.
/media/uoa/Data1/ore2014_dataset/ClassificationEL/5829d1da-f6bd-4115-9aab-c35afec13c32_rm_v5.0.1.rdfs_functional.owl	de.tudresden.inf.lat.jcel.owlapi.translator.TranslationException	This axiom is not supported: 'DataPropertyRange(<file:/media/nico/Seagate%20Expansion%20Drive/phd_data/data/2013.05.12_unduplicated_filtered_snapshot/semantic/byteunique/owlxmlunique/5829d1da-f6bd-4115-9aab-c35afec13c32_rm_v5.0.1.rdfs#P81F> rdfs:Literal)'.
/media/uoa/Data1/ore2014_dataset/ClassificationEL/5853f952-6e48-489d-b379-41d059f14f83_difications.n3_functional.owl	de.tudresden.inf.lat.jcel.owlapi.translator.TranslationException	This axiom is not supported: 'DataPropertyRange(<http://www.owl-ontologies.com/Ontology1174405183.owl#putative> xsd:string)'.
/media/uoa/Data1/ore2014_dataset/ClassificationEL/589f5753-9434-47e6-ae92-dd6319e721bb_oreprotege.owl_functional.owl	de.tudresden.inf.lat.jcel.owlapi.translator.TranslationException	This axiom is not supported: 'DataPropertyDomain(<http://www.xspan.org/obo.owl#n_associations> <http://www.xspan.org/obo.owl#term>)'.
/media/uoa/Data1/ore2014_dataset/ClassificationEL/59442193-d053-44e2-82e9-2561fa0555be_l_release.rdfs_functional.owl	de.tudresden.inf.lat.jcel.owlapi.translator.TranslationException	This axiom is not supported: 'DataPropertyRange(<http://www.cidoc-crm.org/cidoc-crm/P90_has_value> rdfs:Literal)'.
/media/uoa/Data1/ore2014_dataset/ClassificationEL/5ae4876a-8eb8-4588-a601-36e05462411d_nverzeichnis_T_functional.owl	de.tudresden.inf.lat.jcel.owlapi.translator.TranslationException	This axiom is not supported: 'DataPropertyDomain(<http://semantic-mediawiki.org/swivt/1.0#value7> <http://semantic-mediawiki.org/swivt/1.0#Container>)'.
/media/uoa/Data1/ore2014_dataset/ClassificationEL/5af2c637-e44f-4d50-9ed9-4d808b97a4fc_0d.owlGene.owl_functional.owl	de.tudresden.inf.lat.jcel.owlapi.translator.TranslationException	This axiom is not supported: 'DataPropertyDomain(<http://protege.stanford.edu/plugins/owl/protege#PAL-DESCRIPTION> <http://protege.stanford.edu/plugins/owl/protege#PAL-CONSTRAINT>)'.
/media/uoa/Data1/ore2014_dataset/ClassificationEL/5b92eec2-0336-43d1-9b83-9021b6c25ad7_lca.owl_functional.owl	de.tudresden.inf.lat.jcel.owlapi.translator.TranslationException	This axiom is not supported: 'DataPropertyRange(<file:/media/nico/Seagate%20Expansion%20Drive/phd_data/data/2013.05.12_unduplicated_filtered_snapshot/semantic/byteunique/owlxmlunique/5b92eec2-0336-43d1-9b83-9021b6c25ad7_lca.owl#operatingConditionsDescription> xsd:string)'.
/media/uoa/Data1/ore2014_dataset/ClassificationEL/5b9e6788-5891-46ce-bba0-e4be057b6056_KategorieFrauen_functional.owl	de.tudresden.inf.lat.jcel.owlapi.translator.TranslationException	This axiom is not supported: 'DataPropertyDomain(<http://semantic-mediawiki.org/swivt/1.0#value7> <http://semantic-mediawiki.org/swivt/1.0#Container>)'.
/media/uoa/Data1/ore2014_dataset/ClassificationEL/5bbb93a2-cfd3-4b73-ad38-947df5a7fbb6_tologyV1.1.rdf_functional.owl	de.tudresden.inf.lat.jcel.owlapi.translator.TranslationException	This axiom is not supported: 'DataPropertyRange(<http://www.cidoc-crm.org/rdfs/cidoc_crm_v5.0.2_english_label.rdfs#P90F.has_value> rdfs:Literal)'.
/media/uoa/Data1/ore2014_dataset/ClassificationEL/5d7a4d71-9b30-4411-ac2e-f70aa57a2cd2_us_may2007.rdf_functional.owl	de.tudresden.inf.lat.jcel.owlapi.translator.TranslationException	This axiom is not supported: 'DataPropertyRange(<http://lsdis.cs.uga.edu/projects/semdis/opus#ee> xsd:string)'.
/media/uoa/Data1/ore2014_dataset/ClassificationEL/630748b0-bfe8-4c1d-b0be-d464209a3c76_eKrankheiten_Z_functional.owl	de.tudresden.inf.lat.jcel.owlapi.translator.TranslationException	This axiom is not supported: 'DataPropertyDomain(<http://semantic-mediawiki.org/swivt/1.0#value7> <http://semantic-mediawiki.org/swivt/1.0#Container>)'.
/media/uoa/Data1/ore2014_dataset/ClassificationEL/6a9ef59d-18fd-4086-a639-c2b23b00d083_anuary2007.rdf_functional.owl	de.tudresden.inf.lat.jcel.owlapi.translator.TranslationException	This axiom is not supported: 'DataPropertyRange(<http://lsdis.cs.uga.edu/projects/semdis/opus#ee> xsd:string)'.
/media/uoa/Data1/ore2014_dataset/ClassificationEL/6ab826d5-9d64-4df3-99f5-53ab756d148e_egorieAlchemie_functional.owl	de.tudresden.inf.lat.jcel.owlapi.translator.TranslationException	This axiom is not supported: 'DataPropertyDomain(<http://semantic-mediawiki.org/swivt/1.0#value7> <http://semantic-mediawiki.org/swivt/1.0#Container>)'.
/media/uoa/Data1/ore2014_dataset/ClassificationEL/6dc86090-12ad-480e-9e13-eb603c38694d_ology_v2.1.rdf_functional.owl	de.tudresden.inf.lat.jcel.owlapi.translator.TranslationException	This axiom is not supported: 'SubDataPropertyOf(<http://www.geonames.org/ontology#alternateName> <http://www.w3.org/2004/02/skos/core#altLabel>)'.
/media/uoa/Data1/ore2014_dataset/ClassificationEL/6ffcd778-b9c9-4305-b06a-fc0c55b198a9_nverzeichnis_D_functional.owl	de.tudresden.inf.lat.jcel.owlapi.translator.TranslationException	This axiom is not supported: 'DataPropertyDomain(<http://semantic-mediawiki.org/swivt/1.0#value7> <http://semantic-mediawiki.org/swivt/1.0#Container>)'.
/media/uoa/Data1/ore2014_dataset/ClassificationEL/7102c305-adbc-4a7f-9cc7-ce5354c1b98c_cyc.xml_functional.owl	de.tudresden.inf.lat.jcel.owlapi.translator.TranslationException	This axiom is not supported: 'DataPropertyRange(<file:/media/nico/Seagate%20Expansion%20Drive/phd_data/data/2013.05.12_unduplicated_filtered_snapshot/semantic/byteunique/owlxmlunique/7102c305-adbc-4a7f-9cc7-ce5354c1b98c_cyc.xml#guid> rdfs:Literal)'.
/media/uoa/Data1/ore2014_dataset/ClassificationEL/714e5d26-f5f6-4e23-a7c9-8eadfe5ecb35_eKrankheiten_A_functional.owl	de.tudresden.inf.lat.jcel.owlapi.translator.TranslationException	This axiom is not supported: 'DataPropertyDomain(<http://semantic-mediawiki.org/swivt/1.0#value3> <http://semantic-mediawiki.org/swivt/1.0#Container>)'.
/media/uoa/Data1/ore2014_dataset/ClassificationEL/72ea2dba-9cea-4c76-adaa-fc574a7e04eb_ieIngredienzen_functional.owl	de.tudresden.inf.lat.jcel.owlapi.translator.TranslationException	This axiom is not supported: 'DataPropertyDomain(<http://semantic-mediawiki.org/swivt/1.0#value7> <http://semantic-mediawiki.org/swivt/1.0#Container>)'.
/media/uoa/Data1/ore2014_dataset/ClassificationEL/738a62ec-d995-4d8b-badd-7e8ed6b818a2__documentation_functional.owl	de.tudresden.inf.lat.jcel.owlapi.translator.TranslationException	This axiom is not supported: 'SubDataPropertyOf(<http://semantic-mediawiki.org/swivt/1.0#value4> <http://semantic-mediawiki.org/swivt/1.0#value>)'.
/media/uoa/Data1/ore2014_dataset/ClassificationEL/7470ddd8-3423-4124-91da-08e2ddcf8dce_rm_v5.0.2.rdfs_functional.owl	de.tudresden.inf.lat.jcel.owlapi.translator.TranslationException	This axiom is not supported: 'DataPropertyRange(<file:/media/nico/Seagate%20Expansion%20Drive/phd_data/data/2013.05.12_unduplicated_filtered_snapshot/semantic/byteunique/owlxmlunique/7470ddd8-3423-4124-91da-08e2ddcf8dce_rm_v5.0.2.rdfs#P3F> rdfs:Literal)'.
/media/uoa/Data1/ore2014_dataset/ClassificationEL/74e5eade-f493-4aa5-a044-607514c0eb88_orieBlC3A4tter_functional.owl	de.tudresden.inf.lat.jcel.owlapi.translator.TranslationException	This axiom is not supported: 'DataPropertyDomain(<http://semantic-mediawiki.org/swivt/1.0#value7> <http://semantic-mediawiki.org/swivt/1.0#Container>)'.
/media/uoa/Data1/ore2014_dataset/ClassificationEL/757a50ae-e1d5-4906-bc0e-004723d75042__documentation_functional.owl	de.tudresden.inf.lat.jcel.owlapi.translator.TranslationException	This axiom is not supported: 'DataPropertyDomain(<http://semantic-mediawiki.org/swivt/1.0#value7> <http://semantic-mediawiki.org/swivt/1.0#Container>)'.
/media/uoa/Data1/ore2014_dataset/ClassificationEL/759602e5-68de-47e6-bdab-821b9d5f2b10_ryParser_hooks_functional.owl	de.tudresden.inf.lat.jcel.owlapi.translator.TranslationException	This axiom is not supported: 'DataPropertyDomain(<http://semantic-mediawiki.org/swivt/1.0#value3> <http://semantic-mediawiki.org/swivt/1.0#Container>)'.
/media/uoa/Data1/ore2014_dataset/ClassificationEL/75a65645-51c9-4fe9-9f71-443fde726c1a__v5.0.1__.rdfs_functional.owl	de.tudresden.inf.lat.jcel.owlapi.translator.TranslationException	This axiom is not supported: 'DataPropertyRange(<file:/media/nico/Seagate%20Expansion%20Drive/phd_data/data/2013.05.12_unduplicated_filtered_snapshot/semantic/byteunique/owlxmlunique/75a65645-51c9-4fe9-9f71-443fde726c1a__v5.0.1__.rdfs#P79F_> rdfs:Literal)'.
/media/uoa/Data1/ore2014_dataset/ClassificationEL/76f32c42-ddda-480e-ae7d-d5bb3e6efc02_latest.08.owl_functional.owl	de.tudresden.inf.lat.jcel.owlapi.translator.TranslationException	This axiom is not supported: 'DataPropertyRange(<http://sw.opencyc.org/concept/Mx4rfwKP8cejEdeXzAACs4vPnA> xsd:integer)'.
/media/uoa/Data1/ore2014_dataset/ClassificationEL/78d49df6-aeb8-4342-b569-03a6c25fe019_oryRdfsLiteral_functional.owl	de.tudresden.inf.lat.jcel.owlapi.translator.TranslationException	This axiom is not supported: 'DataPropertyDomain(<http://semantic-mediawiki.org/swivt/1.0#value3> <http://semantic-mediawiki.org/swivt/1.0#Container>)'.
/media/uoa/Data1/ore2014_dataset/ClassificationEL/7a76d06e-6d2d-47dc-b5bc-9a1335dad695_FRBR1.0.1.rdfs_functional.owl	de.tudresden.inf.lat.jcel.owlapi.translator.TranslationException	This axiom is not supported: 'DataPropertyRange(<file:/media/nico/Seagate%20Expansion%20Drive/phd_data/data/2013.05.12_unduplicated_filtered_snapshot/semantic/byteunique/owlxmlunique/7a76d06e-6d2d-47dc-b5bc-9a1335dad695_FRBR1.0.1.rdfs#CLP57F> rdfs:Literal)'.
/media/uoa/Data1/ore2014_dataset/ClassificationEL/7b3eab6f-a72b-4058-8b5c-6349564edaa0_KategorieAugen_functional.owl	de.tudresden.inf.lat.jcel.owlapi.translator.TranslationException	This axiom is not supported: 'DataPropertyDomain(<http://semantic-mediawiki.org/swivt/1.0#value7> <http://semantic-mediawiki.org/swivt/1.0#Container>)'.
/media/uoa/Data1/ore2014_dataset/ClassificationEL/7e9d6dda-62cb-4225-8153-8f4b92b9bdd8_eKrankheiten_F_functional.owl	de.tudresden.inf.lat.jcel.owlapi.translator.TranslationException	This axiom is not supported: 'DataPropertyDomain(<http://semantic-mediawiki.org/swivt/1.0#value7> <http://semantic-mediawiki.org/swivt/1.0#Container>)'.
/media/uoa/Data1/ore2014_dataset/ClassificationEL/80fc854b-778d-4b4e-b711-326037255c97_nverzeichnis_Z_functional.owl	de.tudresden.inf.lat.jcel.owlapi.translator.TranslationException	This axiom is not supported: 'DataPropertyDomain(<http://semantic-mediawiki.org/swivt/1.0#value7> <http://semantic-mediawiki.org/swivt/1.0#Container>)'.
/media/uoa/Data1/ore2014_dataset/ClassificationEL/82371d49-38be-446f-a225-b68a549451a7_useprotege.owl_functional.owl	de.tudresden.inf.lat.jcel.owlapi.translator.TranslationException	This axiom is not supported: 'DataPropertyDomain(<http://www.xspan.org/obo.owl#definition> <http://www.xspan.org/obo.owl#term>)'.
/media/uoa/Data1/ore2014_dataset/ClassificationEL/83d9bfe4-8fff-4859-9669-8c3bb5548e8c_ezeichnungen_S_functional.owl	de.tudresden.inf.lat.jcel.owlapi.translator.TranslationException	This axiom is not supported: 'DataPropertyDomain(<http://semantic-mediawiki.org/swivt/1.0#value7> <http://semantic-mediawiki.org/swivt/1.0#Container>)'.
/media/uoa/Data1/ore2014_dataset/ClassificationEL/840564bd-f957-4841-8aed-f1927214d6a1_nfo_demo_pages_functional.owl	de.tudresden.inf.lat.jcel.owlapi.translator.TranslationException	This axiom is not supported: 'DataPropertyDomain(<http://semantic-mediawiki.org/swivt/1.0#value7> <http://semantic-mediawiki.org/swivt/1.0#Container>)'.
/media/uoa/Data1/ore2014_dataset/ClassificationEL/859f46cb-84ec-4e25-8146-e97f25118e72_egoryNews_item_functional.owl	de.tudresden.inf.lat.jcel.owlapi.translator.TranslationException	This axiom is not supported: 'SubDataPropertyOf(<http://semantic-mediawiki.org/swivt/1.0#value2> <http://semantic-mediawiki.org/swivt/1.0#value>)'.
/media/uoa/Data1/ore2014_dataset/ClassificationEL/85b140e2-f8df-4493-bd8d-1fee20e496c2_gold2010.owl_functional.owl	de.tudresden.inf.lat.jcel.owlapi.translator.TranslationException	This axiom is not supported: 'SubDataPropertyOf(<http://purl.org/linguistics/gold/phonemicRep> <http://purl.org/linguistics/gold/stringRep>)'.
/media/uoa/Data1/ore2014_dataset/ClassificationEL/85e7b868-f851-450f-943d-c2cfe8f8ecac_ish_label.rdfs_functional.owl	de.tudresden.inf.lat.jcel.owlapi.translator.TranslationException	This axiom is not supported: 'DataPropertyRange(<file:/media/nico/Seagate%20Expansion%20Drive/phd_data/data/2013.05.12_unduplicated_filtered_snapshot/semantic/byteunique/owlxmlunique/85e7b868-f851-450f-943d-c2cfe8f8ecac_ish_label.rdfs#P3F.has_note> rdfs:Literal)'.
/media/uoa/Data1/ore2014_dataset/ClassificationEL/86043b90-10b0-4778-aa3e-9489d6f1999d_tegoryOwlClass_functional.owl	de.tudresden.inf.lat.jcel.owlapi.translator.TranslationException	This axiom is not supported: 'DataPropertyDomain(<http://semantic-mediawiki.org/swivt/1.0#value3> <http://semantic-mediawiki.org/swivt/1.0#Container>)'.
/media/uoa/Data1/ore2014_dataset/ClassificationEL/86137784-76c2-43f6-aaa3-5af68fe5f32e_ieHeilpflanzen_functional.owl	de.tudresden.inf.lat.jcel.owlapi.translator.TranslationException	This axiom is not supported: 'SubDataPropertyOf(<http://semantic-mediawiki.org/swivt/1.0#value2> <http://semantic-mediawiki.org/swivt/1.0#value>)'.
/media/uoa/Data1/ore2014_dataset/ClassificationEL/8853fd0d-e8a1-4973-a1ae-42437e3f18ac_lackPepper.owl_functional.owl	de.tudresden.inf.lat.jcel.owlapi.translator.TranslationException	This axiom is not supported: 'SubDataPropertyOf(<http://www.dataindia.org/ontologies/OntoBlackPepper.owl#hasPiperine> owl:topDataProperty)'.
/media/uoa/Data1/ore2014_dataset/ClassificationEL/88570258-0cfa-4dc0-972e-f9033c908348__documentation_functional.owl	de.tudresden.inf.lat.jcel.owlapi.translator.TranslationException	This axiom is not supported: 'DataPropertyDomain(<http://semantic-mediawiki.org/swivt/1.0#value7> <http://semantic-mediawiki.org/swivt/1.0#Container>)'.
/media/uoa/Data1/ore2014_dataset/ClassificationEL/8a0c3f0a-41c0-434e-9119-d0cc03f387d9__v5.0.2__.rdfs_functional.owl	de.tudresden.inf.lat.jcel.owlapi.translator.TranslationException	This axiom is not supported: 'DataPropertyRange(<file:/media/nico/Seagate%20Expansion%20Drive/phd_data/data/2013.05.12_unduplicated_filtered_snapshot/semantic/byteunique/owlxmlunique/8a0c3f0a-41c0-434e-9119-d0cc03f387d9__v5.0.2__.rdfs#P81F_> rdfs:Literal)'.
/media/uoa/Data1/ore2014_dataset/ClassificationEL/8a65d389-a1ff-48a8-ad55-536a84c709a2_ish_label.rdfs_functional.owl	de.tudresden.inf.lat.jcel.owlapi.translator.TranslationException	This axiom is not supported: 'DataPropertyRange(<file:/media/nico/Seagate%20Expansion%20Drive/phd_data/data/2013.05.12_unduplicated_filtered_snapshot/semantic/byteunique/owlxmlunique/8a65d389-a1ff-48a8-ad55-536a84c709a2_ish_label.rdfs#P57F.has_number_of_parts> rdfs:Literal)'.
/media/uoa/Data1/ore2014_dataset/ClassificationEL/8b232f41-3999-4fbc-a36a-ad195e5c2505_oryDraft_pages_functional.owl	de.tudresden.inf.lat.jcel.owlapi.translator.TranslationException	This axiom is not supported: 'DataPropertyDomain(<http://semantic-mediawiki.org/swivt/1.0#value3> <http://semantic-mediawiki.org/swivt/1.0#Container>)'.
/media/uoa/Data1/ore2014_dataset/ClassificationEL/8c97aa04-c027-4119-bf3d-a0d0f13211c4_KategorieBrust_functional.owl	de.tudresden.inf.lat.jcel.owlapi.translator.TranslationException	This axiom is not supported: 'DataPropertyDomain(<http://semantic-mediawiki.org/swivt/1.0#value7> <http://semantic-mediawiki.org/swivt/1.0#Container>)'.
/media/uoa/Data1/ore2014_dataset/ClassificationEL/8f114275-4ca5-4f4f-8d63-bd2bd407047b_tatypeProperty_functional.owl	de.tudresden.inf.lat.jcel.owlapi.translator.TranslationException	This axiom is not supported: 'DataPropertyDomain(<http://semantic-mediawiki.org/swivt/1.0#value3> <http://semantic-mediawiki.org/swivt/1.0#Container>)'.
/media/uoa/Data1/ore2014_dataset/ClassificationEL/8f3b2945-6340-4da4-a044-67b5f603b62c_balladspec.rdf_functional.owl	de.tudresden.inf.lat.jcel.owlapi.translator.TranslationException	This axiom is not supported: 'DataPropertyDomain(<http://vocab.ox.ac.uk/balladspec#occurredDuringOrBeforeYear> <http://vocab.ox.ac.uk/balladspec#PerformanceEvent>)'.
/media/uoa/Data1/ore2014_dataset/ClassificationEL/9074435c-12d9-4f24-bb8e-c1759a8f4d77_CategoryCity_functional.owl	de.tudresden.inf.lat.jcel.owlapi.translator.TranslationException	This axiom is not supported: 'DataPropertyDomain(<http://semantic-mediawiki.org/swivt/1.0#value3> <http://semantic-mediawiki.org/swivt/1.0#Container>)'.
/media/uoa/Data1/ore2014_dataset/ClassificationEL/96506db6-9a0e-4dde-97e5-25d985a19d3f_ess.rdfxml.owl_functional.owl	de.tudresden.inf.lat.jcel.owlapi.translator.TranslationException	This axiom is not supported: 'DataPropertyRange(<http://purl.org/dc/terms/identifier> rdfs:Literal)'.
/media/uoa/Data1/ore2014_dataset/ClassificationEL/9739b60a-3411-4715-9eee-0176a8d583eb_categories.xml_functional.owl	de.tudresden.inf.lat.jcel.owlapi.translator.TranslationException	This axiom is not supported: 'DataPropertyDomain(<http://semantic-mediawiki.org/swivt/1.0#value7> <http://semantic-mediawiki.org/swivt/1.0#Container>)'.
/media/uoa/Data1/ore2014_dataset/ClassificationEL/976e894e-7251-4bc3-904f-b0d2ae78538a_rveranstaltung_functional.owl	de.tudresden.inf.lat.jcel.owlapi.translator.TranslationException	This axiom is not supported: 'DataPropertyDomain(<http://semantic-mediawiki.org/swivt/1.0#value3> <http://semantic-mediawiki.org/swivt/1.0#Container>)'.
/media/uoa/Data1/ore2014_dataset/ClassificationEL/9af7b659-707b-4e86-93fc-bd82e132d4b8_eKrankheiten_K_functional.owl	de.tudresden.inf.lat.jcel.owlapi.translator.TranslationException	This axiom is not supported: 'DataPropertyDomain(<http://semantic-mediawiki.org/swivt/1.0#value7> <http://semantic-mediawiki.org/swivt/1.0#Container>)'.
/media/uoa/Data1/ore2014_dataset/ClassificationEL/9c2702c4-137e-43b2-bd55-8dca98b1c8c4_KategorieSamen_functional.owl	de.tudresden.inf.lat.jcel.owlapi.translator.TranslationException	This axiom is not supported: 'DataPropertyDomain(<http://semantic-mediawiki.org/swivt/1.0#value7> <http://semantic-mediawiki.org/swivt/1.0#Container>)'.
/media/uoa/Data1/ore2014_dataset/ClassificationEL/9cd8077f-deae-4e18-bbf0-3c4ea89b08f7_PropertyDcdate_functional.owl	de.tudresden.inf.lat.jcel.owlapi.translator.TranslationException	This axiom is not supported: 'DataPropertyDomain(<http://semantic-mediawiki.org/swivt/1.0#value7> <http://semantic-mediawiki.org/swivt/1.0#Container>)'.
/media/uoa/Data1/ore2014_dataset/ClassificationEL/a1d12508-48bc-46aa-b4b9-7a32a45f3242_ABOfinal.owl_functional.owl	de.tudresden.inf.lat.jcel.owlapi.translator.TranslationException	This axiom is not supported: 'DataPropertyRange(<http://www.owl-ontologies.com/unnamed.owl#abo_outline> xsd:string)'.
/media/uoa/Data1/ore2014_dataset/ClassificationEL/a2ec6493-92ab-4113-937f-cc6b32298bf0_v_1_3.owl_functional.owl	de.tudresden.inf.lat.jcel.owlapi.translator.TranslationException	This axiom is not supported: 'DataPropertyDomain(<http://lsdis.cs.uga.edu/proj/semdis/testbed/#URL_link> <http://lsdis.cs.uga.edu/proj/semdis/testbed/#Publication>)'.
/media/uoa/Data1/ore2014_dataset/ClassificationEL/a4f5ed6c-53cd-47d9-9f61-78332773e595__Ontology.rdfs_functional.owl	de.tudresden.inf.lat.jcel.owlapi.translator.TranslationException	This axiom is not supported: 'DataPropertyRange(<http://protege.stanford.edu/rdf/Personal_Photo_Feature_Trial11#file_format_name> rdfs:Literal)'.
/media/uoa/Data1/ore2014_dataset/ClassificationEL/a5a02cb7-98c8-458f-9a50-8b8e6cd2a691_npddb.owl_functional.owl	de.tudresden.inf.lat.jcel.owlapi.translator.TranslationException	This axiom is not supported: 'DataPropertyRange(<http://sws.ifi.uio.no/vocab/npd-v2#sourcePressure> rdfs:Literal)'.
/media/uoa/Data1/ore2014_dataset/ClassificationEL/a6d42df3-87f3-48cf-8efd-17ed49a8f086_pennsyntax.owl_functional.owl	de.tudresden.inf.lat.jcel.owlapi.translator.TranslationException	The translation map is incomplete. Item id was not found: 'pos'.
/media/uoa/Data1/ore2014_dataset/ClassificationEL/a92d1dcd-0663-4cb7-b280-1ff7d2dd6532_Pizza.owl.rdfs_functional.owl	de.tudresden.inf.lat.jcel.owlapi.translator.TranslationException	This axiom is not supported: 'DataPropertyRange(<http://protege.stanford.edu/system#AgreeDisagreeVote_voteValue> rdfs:Literal)'.
/media/uoa/Data1/ore2014_dataset/ClassificationEL/aabf4d5f-4834-4bcf-b163-89e5a10af317_blinCore3b.owl_functional.owl	de.tudresden.inf.lat.jcel.owlapi.translator.TranslationException	This axiom is not supported: 'SubDataPropertyOf(<http://purl.org/dc/terms/isReferencedBy> <http://purl.org/dc/elements/1.1/relation>)'.
/media/uoa/Data1/ore2014_dataset/ClassificationEL/aad32635-3592-4f19-9d28-76fdd0ae36bc_eKrankheiten_H_functional.owl	de.tudresden.inf.lat.jcel.owlapi.translator.TranslationException	This axiom is not supported: 'DataPropertyDomain(<http://semantic-mediawiki.org/swivt/1.0#value3> <http://semantic-mediawiki.org/swivt/1.0#Container>)'.
/media/uoa/Data1/ore2014_dataset/ClassificationEL/acbea8ad-8cd3-4cd7-bc29-2fff6d73b7cd_latest.02.owl_functional.owl	de.tudresden.inf.lat.jcel.owlapi.translator.TranslationException	Object cannot be translated: 'ObjectHasValue(<http://sw.opencyc.org/concept/Mx4rwQchXpwpEbGdrcN5Y29ycA> <http://sw.opencyc.org/concept/Mx4rwQBjg5wpEbGdrcN5Y29ycA>)'.
/media/uoa/Data1/ore2014_dataset/ClassificationEL/b223b66e-81e0-4aaa-8a4d-e7e5f5e35d17_SMW_extensions_functional.owl	de.tudresden.inf.lat.jcel.owlapi.translator.TranslationException	This axiom is not supported: 'SubDataPropertyOf(<http://semantic-mediawiki.org/swivt/1.0#value2> <http://semantic-mediawiki.org/swivt/1.0#value>)'.
/media/uoa/Data1/ore2014_dataset/ClassificationEL/b48c62e8-bf39-4590-999c-d4abf0d412a8_eKrankheiten_W_functional.owl	de.tudresden.inf.lat.jcel.owlapi.translator.TranslationException	This axiom is not supported: 'DataPropertyDomain(<http://semantic-mediawiki.org/swivt/1.0#value7> <http://semantic-mediawiki.org/swivt/1.0#Container>)'.
/media/uoa/Data1/ore2014_dataset/ClassificationEL/b6bf1149-80c9-452f-9470-997d231045ff_contextcore.owl_functional.owl	de.tudresden.inf.lat.jcel.owlapi.translator.TranslationException	This axiom is not supported: 'DataPropertyDomain(<http://www.xspan.org/obo.owl#n_associations> <http://www.xspan.org/obo.owl#term>)'.
/media/uoa/Data1/ore2014_dataset/ClassificationEL/ba597464-1575-41ec-938b-b8851ee0b1de_eKrankheiten_E_functional.owl	de.tudresden.inf.lat.jcel.owlapi.translator.TranslationException	This axiom is not supported: 'DataPropertyDomain(<http://semantic-mediawiki.org/swivt/1.0#value7> <http://semantic-mediawiki.org/swivt/1.0#Container>)'.
/media/uoa/Data1/ore2014_dataset/ClassificationEL/bc26cf47-a757-46be-9278-ea05fc30f755_Heilpflanzen_H_functional.owl	de.tudresden.inf.lat.jcel.owlapi.translator.TranslationException	This axiom is not supported: 'DataPropertyDomain(<http://semantic-mediawiki.org/swivt/1.0#value7> <http://semantic-mediawiki.org/swivt/1.0#Container>)'.
/media/uoa/Data1/ore2014_dataset/ClassificationEL/c0323c98-ef24-41ca-98f9-78f382f8d82f_dwcFP.owl_functional.owl	de.tudresden.inf.lat.jcel.owlapi.translator.TranslationException	This axiom is not supported: 'SubDataPropertyOf(<http://rs.tdwg.org/dwc/terms/nameAccordingTo> <http://filteredpush.org/ontologies/oa/dwcFP#taxonProperty>)'.
/media/uoa/Data1/ore2014_dataset/ClassificationEL/c05ccc6e-63d6-4713-b278-a330dcef90a9__Kompetenzfeld_functional.owl	de.tudresden.inf.lat.jcel.owlapi.translator.TranslationException	This axiom is not supported: 'DataPropertyDomain(<http://semantic-mediawiki.org/swivt/1.0#value3> <http://semantic-mediawiki.org/swivt/1.0#Container>)'.
/media/uoa/Data1/ore2014_dataset/ClassificationEL/c2d3e237-1f5f-45c7-8299-f7f4b64cde1e_20060921.rdf_functional.owl	de.tudresden.inf.lat.jcel.owlapi.translator.TranslationException	This axiom is not supported: 'DataPropertyDomain(<http://www.eswc2006.org/technologies/ontology#biblioReference> <http://www.eswc2006.org/technologies/ontology#Artefact>)'.
/media/uoa/Data1/ore2014_dataset/ClassificationEL/c4dd88ee-a40f-44ed-9ed5-3b61ba09835d_flanzenatlas_A_functional.owl	de.tudresden.inf.lat.jcel.owlapi.translator.TranslationException	This axiom is not supported: 'DataPropertyDomain(<http://semantic-mediawiki.org/swivt/1.0#value7> <http://semantic-mediawiki.org/swivt/1.0#Container>)'.
/media/uoa/Data1/ore2014_dataset/ClassificationEL/c5168110-6bea-4951-9a9b-6fd7d1377d00_flanzenatlas_E_functional.owl	de.tudresden.inf.lat.jcel.owlapi.translator.TranslationException	This axiom is not supported: 'DataPropertyDomain(<http://semantic-mediawiki.org/swivt/1.0#value7> <http://semantic-mediawiki.org/swivt/1.0#Container>)'.
/media/uoa/Data1/ore2014_dataset/ClassificationEL/c5eec99a-285f-41a3-952e-1e3c06967961_Heilpflanzen_B_functional.owl	de.tudresden.inf.lat.jcel.owlapi.translator.TranslationException	This axiom is not supported: 'DataPropertyDomain(<http://semantic-mediawiki.org/swivt/1.0#value7> <http://semantic-mediawiki.org/swivt/1.0#Container>)'.
/media/uoa/Data1/ore2014_dataset/ClassificationEL/c61a0242-1015-4883-970f-f1e580cecd47_lcacheSWRL.owl_functional.owl	de.tudresden.inf.lat.jcel.owlapi.translator.TranslationException	This axiom is not supported: 'DataPropertyDomain(<http://iridl.ldeo.columbia.edu/SOURCES/.NOAA/.NCEP/.EMC/.CMB/.GLOBAL/.Reyn_SmithOIv1/.monthly/rdf.xml#history> <http://iridl.ldeo.columbia.edu/ontologies/iridl.owl#dataset>)'.
/media/uoa/Data1/ore2014_dataset/ClassificationEL/c6907ef3-a626-4b34-a474-15a4563b7f29_ish_label.rdfs_functional.owl	de.tudresden.inf.lat.jcel.owlapi.translator.TranslationException	This axiom is not supported: 'DataPropertyRange(<file:/media/nico/Seagate%20Expansion%20Drive/phd_data/data/2013.05.12_unduplicated_filtered_snapshot/semantic/byteunique/owlxmlunique/c6907ef3-a626-4b34-a474-15a4563b7f29_ish_label.rdfs#P80F.end_is_qualified_by> rdfs:Literal)'.
/media/uoa/Data1/ore2014_dataset/ClassificationEL/c7403c2b-f907-4329-9760-9c87cafa387d_ctermsrelation_functional.owl	de.tudresden.inf.lat.jcel.owlapi.translator.TranslationException	This axiom is not supported: 'DataPropertyDomain(<http://semantic-mediawiki.org/swivt/1.0#value7> <http://semantic-mediawiki.org/swivt/1.0#Container>)'.
/media/uoa/Data1/ore2014_dataset/ClassificationEL/c78d24dd-67ae-453f-8efc-d4fe1228c084_ertyDcrelation_functional.owl	de.tudresden.inf.lat.jcel.owlapi.translator.TranslationException	This axiom is not supported: 'DataPropertyDomain(<http://semantic-mediawiki.org/swivt/1.0#value3> <http://semantic-mediawiki.org/swivt/1.0#Container>)'.
/media/uoa/Data1/ore2014_dataset/ClassificationEL/c7d095b3-de97-45c4-b928-21511cd9f53a_orieDer_Mensch_functional.owl	de.tudresden.inf.lat.jcel.owlapi.translator.TranslationException	This axiom is not supported: 'DataPropertyDomain(<http://semantic-mediawiki.org/swivt/1.0#value3> <http://semantic-mediawiki.org/swivt/1.0#Container>)'.
/media/uoa/Data1/ore2014_dataset/ClassificationEL/c7dad604-a911-4ceb-8693-463f0d442b5b_KategorieNieren_functional.owl	de.tudresden.inf.lat.jcel.owlapi.translator.TranslationException	This axiom is not supported: 'DataPropertyDomain(<http://semantic-mediawiki.org/swivt/1.0#value7> <http://semantic-mediawiki.org/swivt/1.0#Container>)'.
/media/uoa/Data1/ore2014_dataset/ClassificationEL/c7f1a3bd-6b19-4ddc-a177-28ead5f6ad3d_rieUnpublished_functional.owl	de.tudresden.inf.lat.jcel.owlapi.translator.TranslationException	This axiom is not supported: 'DataPropertyDomain(<http://semantic-mediawiki.org/swivt/1.0#value7> <http://semantic-mediawiki.org/swivt/1.0#Container>)'.
/media/uoa/Data1/ore2014_dataset/ClassificationEL/c814bcb3-c078-4734-b3e4-a060944ec529_eKrankheiten_U_functional.owl	de.tudresden.inf.lat.jcel.owlapi.translator.TranslationException	This axiom is not supported: 'DataPropertyDomain(<http://semantic-mediawiki.org/swivt/1.0#value7> <http://semantic-mediawiki.org/swivt/1.0#Container>)'.
/media/uoa/Data1/ore2014_dataset/ClassificationEL/c87825a8-ced4-4d6d-8cd3-ee2da2e82c68_bodyobject.owl_functional.owl	de.tudresden.inf.lat.jcel.owlapi.translator.TranslationException	This axiom is not supported: 'FunctionalDataProperty(<http://bioontology.org/projects/ontologies/radlex/radlexOwl#Definition>)'.
/media/uoa/Data1/ore2014_dataset/ClassificationEL/caeee928-8212-42af-952d-655e727a00ef_egorieGemC3BCt_functional.owl	de.tudresden.inf.lat.jcel.owlapi.translator.TranslationException	This axiom is not supported: 'DataPropertyDomain(<http://semantic-mediawiki.org/swivt/1.0#value7> <http://semantic-mediawiki.org/swivt/1.0#Container>)'.
/media/uoa/Data1/ore2014_dataset/ClassificationEL/cafebca9-cd6f-4dfb-a03b-cbd36bcf70fe_ology_v1.2.rdf_functional.owl	de.tudresden.inf.lat.jcel.owlapi.translator.TranslationException	This axiom is not supported: 'DataPropertyDomain(<http://www.w3.org/2003/01/geo/wgs84_pos#lat> <http://www.w3.org/2003/01/geo/wgs84_pos#SpatialThing>)'.
/media/uoa/Data1/ore2014_dataset/ClassificationEL/carelex.content-archive-resource-exchange-lexicon.38.owl.xml_functional.owl	de.tudresden.inf.lat.jcel.owlapi.translator.TranslationException	This axiom is not supported: 'SubDataPropertyOf(<http://www.CareLex.org/2012/carelex.owl#Created> <http://www.CareLex.org/2012/carelex.owl#Core>)'.
/media/uoa/Data1/ore2014_dataset/ClassificationEL/cd88e7bf-a1a2-4c51-b931-c5648d9df88e_nriaBibTex.owl_functional.owl	de.tudresden.inf.lat.jcel.owlapi.translator.TranslationException	This axiom is not supported: 'SubDataPropertyOf(<http://edu.mit.visus/bibtex#hasMrnumber> <http://fr.inrialpes.exmo/inria_bibix#mrNumber>)'.
/media/uoa/Data1/ore2014_dataset/ClassificationEL/cd9cea31-52ce-4a0f-9a7d-023bcf7969f3_eKrankheiten_L_functional.owl	de.tudresden.inf.lat.jcel.owlapi.translator.TranslationException	This axiom is not supported: 'DataPropertyDomain(<http://semantic-mediawiki.org/swivt/1.0#value7> <http://semantic-mediawiki.org/swivt/1.0#Container>)'.
/media/uoa/Data1/ore2014_dataset/ClassificationEL/cfc2636e-d853-4543-a263-9838d8db3712_nverzeichnis_N_functional.owl	de.tudresden.inf.lat.jcel.owlapi.translator.TranslationException	This axiom is not supported: 'DataPropertyDomain(<http://semantic-mediawiki.org/swivt/1.0#value7> <http://semantic-mediawiki.org/swivt/1.0#Container>)'.
/media/uoa/Data1/ore2014_dataset/ClassificationEL/cptac.cptac-proteomics-pipeline-infrastructure-ontology.3.owl.xml_functional.owl	de.tudresden.inf.lat.jcel.owlapi.translator.TranslationException	This axiom is not supported: 'DataPropertyRange(<http://proteomeontology.org/cpo.owl#ReagentManufacture> xsd:string)'.
/media/uoa/Data1/ore2014_dataset/ClassificationEL/d042cc84-0f23-4f01-978e-656dcce463a1_KategorieLunge_functional.owl	de.tudresden.inf.lat.jcel.owlapi.translator.TranslationException	This axiom is not supported: 'DataPropertyDomain(<http://semantic-mediawiki.org/swivt/1.0#value7> <http://semantic-mediawiki.org/swivt/1.0#Container>)'.
/media/uoa/Data1/ore2014_dataset/ClassificationEL/d1d903f9-4d9c-4f5c-b904-69a8dc2d18cf_nverzeichnis_L_functional.owl	de.tudresden.inf.lat.jcel.owlapi.translator.TranslationException	This axiom is not supported: 'DataPropertyDomain(<http://semantic-mediawiki.org/swivt/1.0#value3> <http://semantic-mediawiki.org/swivt/1.0#Container>)'.
/media/uoa/Data1/ore2014_dataset/ClassificationEL/d2180b08-67a0-4a1b-8302-000032c6aebe_Heilpflanzen_W_functional.owl	de.tudresden.inf.lat.jcel.owlapi.translator.TranslationException	This axiom is not supported: 'DataPropertyDomain(<http://semantic-mediawiki.org/swivt/1.0#value7> <http://semantic-mediawiki.org/swivt/1.0#Container>)'.
/media/uoa/Data1/ore2014_dataset/ClassificationEL/d352b445-b288-4e43-93ab-1b849754785f_ogy_v1.2.3.rdf_functional.owl	de.tudresden.inf.lat.jcel.owlapi.translator.TranslationException	This axiom is not supported: 'DataPropertyDomain(<http://www.w3.org/2003/01/geo/wgs84_pos#lat> <http://www.w3.org/2003/01/geo/wgs84_pos#SpatialThing>)'.
/media/uoa/Data1/ore2014_dataset/ClassificationEL/d3f17a08-c1bc-4245-9b54-3170d3d29eb6_gold2008.owl_functional.owl	de.tudresden.inf.lat.jcel.owlapi.translator.TranslationException	This axiom is not supported: 'SubDataPropertyOf(<http://purl.org/linguistics/gold/phonemicRep> <http://purl.org/linguistics/gold/stringRep>)'.
/media/uoa/Data1/ore2014_dataset/ClassificationEL/d7407975-0184-4c08-bc4c-2635f72a970d_ffective_pages_functional.owl	de.tudresden.inf.lat.jcel.owlapi.translator.TranslationException	This axiom is not supported: 'SubDataPropertyOf(<http://semantic-mediawiki.org/swivt/1.0#value4> <http://semantic-mediawiki.org/swivt/1.0#value>)'.
/media/uoa/Data1/ore2014_dataset/ClassificationEL/d823933b-ea1d-407d-bf5a-a6d8082d5f67_ntic_MediaWiki_functional.owl	de.tudresden.inf.lat.jcel.owlapi.translator.TranslationException	This axiom is not supported: 'DataPropertyDomain(<http://semantic-mediawiki.org/swivt/1.0#value3> <http://semantic-mediawiki.org/swivt/1.0#Container>)'.
/media/uoa/Data1/ore2014_dataset/ClassificationEL/de5256f6-2648-4b13-b0a7-086d3fcc1b7f_Pizza.owl.rdfs_functional.owl	de.tudresden.inf.lat.jcel.owlapi.translator.TranslationException	This axiom is not supported: 'DataPropertyRange(<http://protege.stanford.edu/system#AgreeDisagreeVote_voteValue> rdfs:Literal)'.
/media/uoa/Data1/ore2014_dataset/ClassificationEL/dee1017d-a6e6-46d9-8e7f-454ebb8b3177_KategorieHals_functional.owl	de.tudresden.inf.lat.jcel.owlapi.translator.TranslationException	This axiom is not supported: 'DataPropertyDomain(<http://semantic-mediawiki.org/swivt/1.0#value7> <http://semantic-mediawiki.org/swivt/1.0#Container>)'.
/media/uoa/Data1/ore2014_dataset/ClassificationEL/df1865b4-b96e-4b5d-8a5b-fc61dac520bc_sportEvent.owl_functional.owl	de.tudresden.inf.lat.jcel.owlapi.translator.TranslationException	This axiom is not supported: 'DataPropertyRange(<http://protege.stanford.edu/kb#attendence> xsd:string)'.
/media/uoa/Data1/ore2014_dataset/ClassificationEL/df2970f3-8e1a-4182-9775-057c96570338_CategoryCountry_functional.owl	de.tudresden.inf.lat.jcel.owlapi.translator.TranslationException	This axiom is not supported: 'DataPropertyDomain(<http://semantic-mediawiki.org/swivt/1.0#value7> <http://semantic-mediawiki.org/swivt/1.0#Container>)'.
/media/uoa/Data1/ore2014_dataset/ClassificationEL/e265c5fb-b7e3-4519-9363-b04783cc3c6a_ezeichnungen_C_functional.owl	de.tudresden.inf.lat.jcel.owlapi.translator.TranslationException	This axiom is not supported: 'DataPropertyDomain(<http://semantic-mediawiki.org/swivt/1.0#value7> <http://semantic-mediawiki.org/swivt/1.0#Container>)'.
/media/uoa/Data1/ore2014_dataset/ClassificationEL/e355c2e5-e6af-4a26-9899-b801aa765e86_tegoryMetawiki_functional.owl	de.tudresden.inf.lat.jcel.owlapi.translator.TranslationException	This axiom is not supported: 'DataPropertyRange(<http://semantic-mediawiki.org/swivt/1.0#wikiPageModificationDate> xsd:dateTime)'.
/media/uoa/Data1/ore2014_dataset/ClassificationEL/e4beb4c3-1c4f-4151-9671-2c853dc09822_lexinfo.rdf_functional.owl	de.tudresden.inf.lat.jcel.owlapi.translator.TranslationException	This axiom is not supported: 'DataPropertyRange(<http://www.lexinfo.net/ontology/2.0/lexinfo#romanization> xsd:string)'.
/media/uoa/Data1/ore2014_dataset/ClassificationEL/e5a89a48-7c48-48ab-8e64-bfdfb3e62e8b_tegorySMW_site_functional.owl	de.tudresden.inf.lat.jcel.owlapi.translator.TranslationException	This axiom is not supported: 'SubDataPropertyOf(<http://semantic-mediawiki.org/swivt/1.0#value2> <http://semantic-mediawiki.org/swivt/1.0#value>)'.
/media/uoa/Data1/ore2014_dataset/ClassificationEL/e67adecd-6593-4d91-a739-772ff3d9e621_gorieNeuigkeit_functional.owl	de.tudresden.inf.lat.jcel.owlapi.translator.TranslationException	This axiom is not supported: 'DataPropertyDomain(<http://semantic-mediawiki.org/swivt/1.0#value3> <http://semantic-mediawiki.org/swivt/1.0#Container>)'.
/media/uoa/Data1/ore2014_dataset/ClassificationEL/e6f5eade-7f0e-4258-b785-752a73da6f8d_ialairport.owl_functional.owl	de.tudresden.inf.lat.jcel.owlapi.translator.TranslationException	This axiom is not supported: 'DataPropertyRange(<http://www.topbraid.org/2007/05/US-commercial-airport.owl#airportName> xsd:string)'.
/media/uoa/Data1/ore2014_dataset/ClassificationEL/eb1306d7-96bd-40dc-99cb-e8bde4517ea8_rieSchwC3A4che_functional.owl	de.tudresden.inf.lat.jcel.owlapi.translator.TranslationException	This axiom is not supported: 'DataPropertyDomain(<http://semantic-mediawiki.org/swivt/1.0#value7> <http://semantic-mediawiki.org/swivt/1.0#Container>)'.
/media/uoa/Data1/ore2014_dataset/ClassificationEL/ebe2450c-26f4-4ea6-9b23-813ad97feba6_FuGO.owl_functional.owl	de.tudresden.inf.lat.jcel.owlapi.translator.TranslationException	This axiom is not supported: 'DataPropertyDomain(<http://protege.stanford.edu/plugins/owl/protege#PAL-STATEMENT> <http://protege.stanford.edu/plugins/owl/protege#PAL-CONSTRAINT>)'.
/media/uoa/Data1/ore2014_dataset/ClassificationEL/ed008509-5ac7-46df-8a43-2d94df885342_blinCore3d.owl_functional.owl	de.tudresden.inf.lat.jcel.owlapi.translator.TranslationException	This axiom is not supported: 'SubDataPropertyOf(<http://purl.org/dc/terms/bibliographicCitation> <http://purl.org/dc/elements/1.1/identifier>)'.
/media/uoa/Data1/ore2014_dataset/ClassificationEL/ed5c5fc6-1bf2-478d-9574-c543bb8e5f03_latest.07.owl_functional.owl	de.tudresden.inf.lat.jcel.owlapi.translator.TranslationException	This axiom is not supported: 'DataPropertyRange(<http://sw.opencyc.org/concept/Mx4rI1CI9HneQdiX2KMkjkxnZg> xsd:integer)'.
/media/uoa/Data1/ore2014_dataset/ClassificationEL/ef81bd3e-23ca-4e64-a01d-7d1929968ebb_KategorieArme_functional.owl	de.tudresden.inf.lat.jcel.owlapi.translator.TranslationException	This axiom is not supported: 'DataPropertyDomain(<http://semantic-mediawiki.org/swivt/1.0#value7> <http://semantic-mediawiki.org/swivt/1.0#Container>)'.
/media/uoa/Data1/ore2014_dataset/ClassificationEL/efd20f6c-bf75-4329-ae3d-46719338ee19__v2.0_Lite.rdf_functional.owl	de.tudresden.inf.lat.jcel.owlapi.translator.TranslationException	This axiom is not supported: 'DataPropertyDomain(<http://www.geonames.org/ontology#population> <http://www.geonames.org/ontology#Feature>)'.
/media/uoa/Data1/ore2014_dataset/ClassificationEL/epilont.epilepsy-ontology.2.owl.xml_functional.owl	de.tudresden.inf.lat.jcel.owlapi.translator.TranslationException	This axiom is not supported: 'SubDataPropertyOf(<http://www.semanticweb.org/ontologies/2009/3/EpilepsyOntology.owl#property1> <http://www.semanticweb.org/ontologies/2009/3/EpilepsyOntology.owl#Property>)'.
/media/uoa/Data1/ore2014_dataset/ClassificationEL/f21e9602-33e8-4a5c-994a-281586702c06_goryFoafPerson_functional.owl	de.tudresden.inf.lat.jcel.owlapi.translator.TranslationException	This axiom is not supported: 'DataPropertyDomain(<http://semantic-mediawiki.org/swivt/1.0#value3> <http://semantic-mediawiki.org/swivt/1.0#Container>)'.
/media/uoa/Data1/ore2014_dataset/ClassificationEL/f45812d8-8ea9-472a-8b02-aabd7948e6f4_GenreCS.owl_functional.owl	de.tudresden.inf.lat.jcel.owlapi.translator.TranslationException	This axiom is not supported: 'DataPropertyRange(<http://polysema.di.uoa.gr/ont/GenreCS.owl#name> xsd:string)'.
/media/uoa/Data1/ore2014_dataset/ClassificationEL/fb4227d9-aafe-469d-9f72-7e0e0c7d35ae_owlSymptom.owl_functional.owl	de.tudresden.inf.lat.jcel.owlapi.translator.TranslationException	This axiom is not supported: 'DataPropertyRange(<http://protege.stanford.edu/plugins/owl/protege#PAL-DESCRIPTION> xsd:string)'.
/media/uoa/Data1/ore2014_dataset/ClassificationEL/fc72e51b-9051-4208-a904-86a785f15dd1_eKrankheiten_D_functional.owl	de.tudresden.inf.lat.jcel.owlapi.translator.TranslationException	This axiom is not supported: 'DataPropertyDomain(<http://semantic-mediawiki.org/swivt/1.0#value7> <http://semantic-mediawiki.org/swivt/1.0#Container>)'.
/media/uoa/Data1/ore2014_dataset/ClassificationEL/fcae1e6c-a6b1-486a-a3cd-21a2ea6da147_map_dblp_dc.owl_functional.owl	de.tudresden.inf.lat.jcel.owlapi.translator.TranslationException	This axiom is not supported: 'DataPropertyRange(<http://purl.org/dc/terms/available> rdfs:Literal)'.
/media/uoa/Data1/ore2014_dataset/ClassificationEL/fcb31fa8-fb55-4719-86c1-f4d506bb4a8f_wc20060921.rdf_functional.owl	de.tudresden.inf.lat.jcel.owlapi.translator.TranslationException	This axiom is not supported: 'DataPropertyDomain(<http://www.eswc2006.org/technologies/ontology#biblioReference> <http://www.eswc2006.org/technologies/ontology#Artefact>)'.
/media/uoa/Data1/ore2014_dataset/ClassificationEL/fccf3b9b-9316-41b0-a2d1-19288bcc0f4b_nop.rdfs_functional.owl	de.tudresden.inf.lat.jcel.owlapi.translator.TranslationException	This axiom is not supported: 'DataPropertyRange(<http://ontologies.opendfki.de/repos/ontologies/userobs/nop#newName> rdfs:Literal)'.
/media/uoa/Data1/ore2014_dataset/ClassificationEL/fdd9ae77-4904-4899-8473-1229a23860c1_es_merged.rdfs_functional.owl	de.tudresden.inf.lat.jcel.owlapi.translator.TranslationException	This axiom is not supported: 'DataPropertyRange(<http://www.semanticdesktop.org/ontologies/2008/05/20/tmo#objectURI> rdfs:Literal)'.
/media/uoa/Data1/ore2014_dataset/ClassificationEL/ff0af86c-5c71-4feb-9640-75e57d23283c_eJahresbericht_functional.owl	de.tudresden.inf.lat.jcel.owlapi.translator.TranslationException	This axiom is not supported: 'DataPropertyDomain(<http://semantic-mediawiki.org/swivt/1.0#value3> <http://semantic-mediawiki.org/swivt/1.0#Container>)'.
/media/uoa/Data1/ore2014_dataset/ClassificationEL/ff6f1956-4615-49f0-a3e5-68fcb4380b34_KategorieGalle_functional.owl	de.tudresden.inf.lat.jcel.owlapi.translator.TranslationException	This axiom is not supported: 'DataPropertyDomain(<http://semantic-mediawiki.org/swivt/1.0#value7> <http://semantic-mediawiki.org/swivt/1.0#Container>)'.
/media/uoa/Data1/ore2014_dataset/ClassificationEL/iceci.international-classification-of--external-causes-of-injuries.6.owl.xml_functional.owl	de.tudresden.inf.lat.jcel.owlapi.translator.TranslationException	This axiom is not supported: 'DataPropertyDomain(<http://who.int/iceci#SKOS_inScheme> <http://who.int/iceci#iceciClass>)'.
/media/uoa/Data1/ore2014_dataset/ClassificationEL/kb-owl-syntax-unraveled-depth-1-constant-classes-value-classes.ofn_functional.owl	de.tudresden.inf.lat.jcel.owlapi.translator.TranslationException	The translation map is incomplete. Item id was not found: '1'.
/media/uoa/Data1/ore2014_dataset/ClassificationEL/kb-owl-syntax-unraveled-depth-1-constant-classes-value-nominals.ofn_functional.owl	de.tudresden.inf.lat.jcel.owlapi.translator.TranslationException	The translation map is incomplete. Item id was not found: '1'.
/media/uoa/Data1/ore2014_dataset/ClassificationEL/kb-owl-syntax-unraveled-depth-1-disjointness-constant-classes-value-classes.ofn_functional.owl	de.tudresden.inf.lat.jcel.owlapi.translator.TranslationException	The translation map is incomplete. Item id was not found: '1'.
/media/uoa/Data1/ore2014_dataset/ClassificationEL/kb-owl-syntax-unraveled-depth-1-disjointness-constant-classes-value-nominals.ofn_functional.owl	de.tudresden.inf.lat.jcel.owlapi.translator.TranslationException	The translation map is incomplete. Item id was not found: '1'.
/media/uoa/Data1/ore2014_dataset/ClassificationEL/kb-owl-syntax-unraveled-depth-1-disjointness.ofn_functional.owl	de.tudresden.inf.lat.jcel.owlapi.translator.TranslationException	The translation map is incomplete. Item id was not found: 'MP1'.
/media/uoa/Data1/ore2014_dataset/ClassificationEL/kb-owl-syntax-unraveled-depth-1.ofn_functional.owl	de.tudresden.inf.lat.jcel.owlapi.translator.TranslationException	The translation map is incomplete. Item id was not found: 'MP1'.
/media/uoa/Data1/ore2014_dataset/ClassificationEL/mcbcc.breast-tissue-cell-lines-ontology.2.owl.xml_functional.owl	de.tudresden.inf.lat.jcel.owlapi.translator.TranslationException	The translation map is incomplete. Item id was not found: 'MDAMB468'.
/media/uoa/Data1/ore2014_dataset/ClassificationEL/mccl.cell-line-ontology-by-mahadevan.1.owl.xml_functional.owl	de.tudresden.inf.lat.jcel.owlapi.translator.TranslationException	The translation map is incomplete. Item id was not found: 'MDAMB468'.
